question,reponse
"What is Alzheimer's disease, and how does it impact memory, cognition, and behavior, ultimately resulting in a decline in daily functioning?",Alzheimer disease is a progressive neurological disorder that affects memory thinking and behavior leading to cognitive decline and impairments in daily functioning
"What are the symptoms of Alzheimer's disease, encompassing memory loss, problem-solving difficulties, confusion, mood changes, personality alterations, and communication challenges?",Symptoms of Alzheimer disease include memory loss difficulty solving problems confusion about time or place changes in mood or personality and challenges with communication and language
"What factors, including genetics, environment, lifestyle, and abnormal protein accumulation in the brain, are believed to contribute to the development of Alzheimer's disease, despite its exact cause remaining unclear?",The exact cause of Alzheimer disease is not fully understood but it is believed to involve a combination of genetic environmental and lifestyle factors along with the accumulation of abnormal proteins in the brain
"What are the main risk factors for Alzheimer's, with age being primary, and how do genetics, family history, and lifestyle contribute?",Age is the main risk factor for Alzheimer particularly those over 65 Additionally genetics family history and lifestyle factors can contribute to the risk
"How is Alzheimer's disease managed without a cure, emphasizing symptom control and progression mitigation through medication and lifestyle adjustments?",As of now there is no cure for Alzheimer disease Treatment focuses on managing symptoms and slowing its progression through medications and lifestyle interventions
"How is Alzheimer's diagnosed, involving medical history, cognitive tests, and brain scans, while ruling out other causes of cognitive decline for a definitive diagnosis?",Alzheimer disease is diagnosed through a combination of medical history assessment and cognitive tests along with brain imaging scans like MRI or PET scans A definitive diagnosis requires ruling out other potential causes of cognitive decline
"How can lifestyle factors like exercise, diet, mental stimulation, social engagement, and managing cardiovascular risks lower the risk of Alzheimer's disease?",Maintaining a healthy lifestyle including regular exercise a balanced diet mental stimulation social engagement and managing cardiovascular risk factors like hypertension and diabetes may help reduce the risk of developing Alzheimer disease
"What is the current position of Alzheimer's disease as the seventh leading cause of death in the US, and its status as the most common cause of dementia in older adults?",Alzheimer is currently ranked as the seventh leading cause of death in the United States and is the most common cause of dementia among older adults
"What did a recent UK study reveal about five rare cases of transmissible Alzheimer's disease, potentially linked to a past medical treatment?","Earlier this year, a UK-based research team identified five very rare cases of transmissible Alzheimer’s disease in humans, believed to have arisen because of a medical treatment decades earlier"
"Who is Alzheimer disease named after, and what pivotal observation did Dr. Alois Alzheimer make in 1906 when studying the brain tissue of a woman afflicted with a peculiar mental illness?",Alzheimer disease is named after Dr Alois Alzheimer In 1906 Dr Alzheimer noticed changes in the brain tissue of a woman who had died of an unusual mental illness
"What are some common symptoms of Alzheimer's disease, encompassing memory loss, language difficulties, and unpredictable behavioral changes?","symptoms of alzheimer included memory loss, language problems, and unpredictable behavior"
How many genetic regions linked to Alzheimer's disease have scientists discovered?,Scientists currently know of more than 80 genetic regions associated with Alzheimer
"Where in the brain do Alzheimer's changes typically commence, affecting learning?",Alzheimer changes typically begin in the part of the brain that affects learning
"What worsens as Alzheimer's advances through the brain, causing increased disorientation, mood and behavior changes, and deeper confusion about events, time, and place?",As Alzheimer s advances through the brain it leads to increasingly severe symptoms including disorientation mood and behavior changes deepening confusion about events time and place
"What are the key effects of Alzheimer's, like serious memory loss, behavior changes, and challenges with speech, swallowing, and walking?"," Alzheimer cause serious memory loss and behavior changes; and difficulty speaking, swallowing and walking"
Why do individuals with memory loss or other signs of Alzheimer's disease often have difficulty recognizing their condition?,People with memory loss or other possible signs of Alzheimer may find it hard to recognize they have a problem
"What part of cellular function does Alzheimer's disease disrupt, akin to interference in a cell's factory operations?",Scientists believe Alzheimer s disease prevents parts of a cell s factory from running well
"What irreversible changes happen in the brain as damage from Alzheimer's disease spreads, causing cells to lose function and eventually die?"," As damage spreads, cells lose their ability to do their jobs and, eventually die, causing irreversible changes in the brain."
"What specifically causes memory failure, personality changes, and difficulties in daily activities in Alzheimer's disease","It's the destruction and death of nerve cells that causes memory failure, personality changes, problems carrying out daily activities and other symptoms of Alzheimer's disease"
How does Alzheimer's disease progress over time?,Alzheimer's disease is a brain disorder that gets worse over time
"What distinguishes Alzheimer's disease, involving alterations in the brain resulting in the accumulation of specific proteins?",It's characterized by changes in the brain that lead to deposits of certain proteins
"What does Alzheimer's disease do to the brain, resulting in shrinkage and cell death?",Alzheimer's disease causes the brain to shrink and brain cells to eventually die
"What happens to the brain in Alzheimer's disease, leading to shrinkage and cell death?","Alzheimer's disease is the most common cause of dementia a gradual decline in memory, thinking, behavior and social skills. These changes affect a person's ability to function."
How many individuals aged 65 and older in the United States have Alzheimer's disease,"About 6.5 million people in the United States age 65 and older live with Alzheimer's disease. Among them, more than 70% are 75 years old and older"
"Out of the global dementia population, what percentage is estimated to have Alzheimer's disease?","the about 55 million people worldwide with dementia, 60% to 70% are estimated to have Alzheimer's disease."
"What are early signs of Alzheimer's, like forgetting recent events or conversations?",The early signs of the disease include forgetting recent events or conversations
"How does Alzheimer's progress, resulting in severe memory loss and an inability to perform daily tasks?","Over time, it progresses to serious memory problems and loss of the ability to perform everyday tasks"
How do medications affect the progression of Alzheimer's symptoms?,Medicines may improve or slow the progression of symptoms
How do programs and services assist individuals with Alzheimer's and their caregivers?,Programs and services can help support people with the disease and their caregivers
Is there a treatment that provides a cure for Alzheimer's disease?,There is no treatment that cures Alzheimer's disease
"What complications may occur in late-stage Alzheimer's, causing severe brain function decline, like dehydration, malnutrition, or infection?","In advanced stages, severe loss of brain function can cause dehydration, malnutrition or infection"
"What are some typical experiences of individuals with Alzheimer's, like repetitive questioning, forgetfulness, misplacement of items, getting lost, forgetting names, and language difficulties?","People with Alzheimer's disease may:

Repeat statements and questions over and over.
Forget conversations, appointments or events.
Misplace items, often putting them in places that don't make sense.
Get lost in places they used to know well.
Eventually forget the names of family members and everyday objects.
Have trouble finding the right words for objects, expressing thoughts or taking part in conversations."
"What cognitive difficulties does Alzheimer's disease typically cause, especially with abstract concepts like numbers?","Alzheimer's disease causes difficulty concentrating and thinking, especially about abstract concepts such as numbers"
How does Alzheimer's disease affect the capacity to make sound decisions and judgments in daily life?,Alzheimer's disease causes a decline in the ability to make sensible decisions and judgments in everyday situations
What is the most prevalent form of dementia?,Alzheimer’s disease is the most common type of dementia.
"How does Alzheimer's disease progress, beginning with mild memory loss and potentially leading to communication and responsiveness issues?",It is a progressive disease beginning with mild memory loss and possibly leading to loss of the ability to carry on a conversation and respond to the environment.
How often does the number of people living with Alzheimer's disease double beyond the age of 65?,The number of people living with the disease doubles every 5 years beyond age 65
What is the projected increase in the number of people living with Alzheimer's disease by the year 2060?,This number is projected to nearly triple to 14 million people by 2060.
"When do symptoms of Alzheimer's disease typically manifest, and how does the risk change with age?","Symptoms of the disease can first appear after age 60, and the risk increases with age."
When do changes in the brain associated with Alzheimer's disease typically commence in relation to the onset of symptoms?,Changes in the brain can begin years before the first symptoms appear.
"What supports the notion that healthy behaviors, effective against cancer, diabetes, and heart disease, might also reduce the risk of subjective cognitive decline?","There is growing scientific evidence that healthy behaviors, which have been shown to prevent cancer, diabetes, and heart disease, may also reduce risk for subjective cognitive decline"
"What are instances of memory loss that impact daily life, such as getting lost or repeating questions?","Memory loss that disrupts daily life, such as getting lost in a familiar place or repeating questions."
"What are examples of financial challenges, like managing money and paying bills?",Trouble handling money and paying bills.
"What are examples of difficulty completing familiar tasks at home, work, or during leisure activities?","Difficulty completing familiar tasks at home, at work or at leisure"
What is an example of misplacing items and then being unable to retrace steps to locate them?,Misplacing things and being unable to retrace steps to find them
What significant milestone occurred in the last century regarding Alzheimer's disease?,In the last 100 years: Alzheimer's disease has been formally identified and named
"What strides have been made in the past 50 years regarding Alzheimer's, notably in acknowledging its impact and pursuing treatments and a cure?","In the last 50 years: We've made serious advances to recognize the impact of Alzheimer's, and commit to finding treatments and a cure"
"How has the fight against Alzheimer's stigma progressed in the past 20 years, supporting the voices of those impacted?","In the last 20 years: We've taken more steps to fight the stigma against the disease and support the voices of people living with Alzheimer's, families and caregiver"
"What defines the early stage of Alzheimer's, where symptoms are mild and individuals remain aware of their condition, needing minimal assistance if requested?","Symptoms are mild. A person at this stage is fully aware of their condition and only needs minimal assistance, if requested"
"As Alzheimer's advances, symptoms become more pronounced, necessitating greater assistance for daily tasks.",Symptoms start becoming more noticeable. More assistance will be needed to help the person living with Alzheimer's accomplish daily tasks
"What happens when someone with Alzheimer's can no longer communicate or care for themselves, and why is quality care vital for their well-being?","Once the person reaches this stage, they will eventually become unable to communicate verbally or look after themselves. Quality of care is important to ensure that the person has quality of life"
"As Alzheimer's progresses to necessitate 24-hour care, why does the focus shift to palliative care to ensure a dignified end-of-life experience?",Cognitive decline has progressed to the point where the person needs 24-hour care. The focus shifts to palliative care and comfort to ensure quality of death.
"When does early-onset Alzheimer's typically manifest, and how common is it?",Early-onset Alzheimer’s occurs between a person’s 30s and mid-60s and is very rare
"What cognitive functions does Alzheimer's disease impair, such as reasoning, judgment, and problem-solving?","Alzheimer's disease impairs various cognitive functions, including reasoning, judgment, and problem-solving abilities"
"What communication struggles do individuals with Alzheimer's encounter, such as finding words, participating in discussions, or writing clearly?","People with Alzheimer's may struggle to find the right words in conversation, follow or participate in discussions, or write coherently"
"How is Alzheimer's diagnosed, typically involving medical history, physical exam, neurological tests, and cognitive assessments?","Diagnosing Alzheimer's disease involves a comprehensive assessment of medical history, physical examination, neurological tests, and cognitive assessments"
What imaging tests may healthcare professionals use to evaluate brain structure and function in diagnosing Alzheimer's?,"Healthcare professionals may also perform imaging tests, such as magnetic resonance imaging (MRI) or positron emission tomography (PET) scans, to evaluate brain structure and function"
"Why is early detection crucial in Alzheimer's management, and what interventions are typically employed for symptom control and slowing disease progression?","While there is no single diagnostic test for Alzheimer's disease, early detection is crucial for implementing interventions to manage symptoms and slow disease progression."
"What medications, like cholinesterase inhibitors (donepezil, rivastigmine, galantamine), are often prescribed to manage Alzheimer's symptoms and improve cognitive function?","Cholinesterase inhibitors, such as donepezil, rivastigmine, and galantamine, are commonly prescribed to help improve cognitive function and manage symptoms of Alzheimer's diseas"
How does memantine treat Alzheimer's symptoms by regulating brain glutamate activity as an NMDA receptor antagonist?,"Memantine, an N-methyl-D-aspartate (NMDA) receptor antagonist, may also be used to regulate glutamate activity in the brain and alleviate symptoms."
"How does a healthy lifestyle, with exercise, diet, sleep, and social engagement, support brain health and slow cognitive decline?","Adopting a healthy lifestyle, including regular exercise, a balanced diet, adequate sleep, and social engagement, may help support overall brain health and slow cognitive decline"
"How do occupational therapy, speech therapy, and cognitive rehabilitation programs aid individuals with Alzheimer's in preserving independence, enhancing communication, and coping with functional limitations?","Occupational therapy, speech therapy, and cognitive rehabilitation programs can help individuals with Alzheimer's disease maintain independence, enhance communication skills, and cope with functional limitations"
"How do caregiver support groups, respite care, and home healthcare aid individuals with Alzheimer's and their families?"," Caregiver support groups, respite care services, and home healthcare assistance can provide valuable support to individuals with Alzheimer's disease and their families."
"What research is being conducted on the role of amyloid-beta plaques and tau protein tangles in Alzheimer's disease pathogenesis, and how are targeted therapies being developed to prevent their formation or clearance?",Investigating the role of amyloid-beta plaques and tau protein tangles in Alzheimer's disease pathogenesis and developing targeted therapies to prevent their formation or clearance.
How are researchers identifying genetic risk factors linked to Alzheimer's disease and investigating gene-editing techniques to alter disease-related genes or pathways?,identifying genetic risk factors associated with Alzheimer's disease and exploring gene-editing techniques to modify disease-related genes or pathways.
"How are researchers developing vaccines or monoclonal antibodies to specifically target and remove abnormal proteins, like amyloid-beta and tau, associated with Alzheimer's disease?","developing vaccines or monoclonal antibodies to target and eliminate abnormal proteins implicated in Alzheimer's disease, such as amyloid-beta and tau."
"How are personalized treatment approaches for Alzheimer's disease being developed, considering individual genetic profiles, biomarkers, and disease progression patterns?","personalized approaches to Alzheimer's disease treatment based on individual genetic profiles, biomarkers, and disease progression patterns."
"How are researchers studying the effectiveness of non-pharmacological interventions, like cognitive training, exercise, and dietary supplements, in preventing or delaying cognitive decline in individuals at risk for Alzheimer's disease?","Investigating the efficacy of non-pharmacological interventions, such as cognitive training, physical exercise, and dietary supplements, in preventing or delaying cognitive decline in at-risk individuals."
"What neurotransmitter systems are disrupted in Alzheimer's disease, impacting memory, learning, and cognitive function?","Alzheimer's disease is associated with disruptions in neurotransmitter systems, particularly acetylcholine and glutamate, which play crucial roles in memory, learning, and cognitive function."
How does chronic neuroinflammation contribute to neuronal damage and cognitive decline in Alzheimer's disease?,"Chronic neuroinflammation, characterized by the activation of microglia and astrocytes, contributes to neuronal damage and cognitive decline in Alzheimer's disease"
What are the consequences of impairment to the blood-brain barrier?," Impairment of the blood-brain barrier allows the infiltration of immune cells and harmful substances into the brain, exacerbating neuroinflammation and neuronal dysfunction."
How does dysfunction of mitochondria contribute to Alzheimer's disease?,"Dysfunction of mitochondria, the energy-producing organelles in cells, leads to oxidative stress, impaired energy metabolism, and neuronal death in Alzheimer's disease."
What are the key pathological features used as biomarkers in Alzheimer's disease diagnosis and monitoring?,Elevated levels of beta-amyloid plaques and tau protein tangles in the brain are hallmark pathological features of Alzheimer's disease and serve as important biomarkers for diagnosis and disease progression monitoring.
What capabilities do advanced neuroimaging techniques provide in terms of studying beta-amyloid and tau pathology?,"Advanced neuroimaging techniques, such as amyloid positron emission tomography (PET) and tau PET imaging, allow for the visualization and quantification of beta-amyloid and tau pathology in the brain."
How can analysis of cerebrospinal fluid biomarkers contribute to understanding and diagnosing Alzheimer's disease?,"Analysis of cerebrospinal fluid biomarkers, including beta-amyloid, tau, and phosphorylated tau, can provide valuable insights into Alzheimer's disease pathology and aid in early diagnosis."
How can managing cardiovascular risk factors impact the risk of Alzheimer's disease development?,"managing cardiovascular risk factors, such as hypertension, high cholesterol, and diabetes, through lifestyle modifications and medication can help reduce the risk of developing Alzheimer's disease."
What role do mentally stimulating activities play in preserving cognitive function and reducing cognitive decline in older adults?,"Engaging in mentally stimulating activities, such as reading, puzzles, and social interactions, may help preserve cognitive function and reduce the risk of cognitive decline in older adults."
How can engaging in mentally stimulating activities benefit cognitive health in older adults?,"Following a Mediterranean-style diet rich in fruits, vegetables, whole grains, fish, and healthy fats has been associated with a lower risk of Alzheimer's disease and age-related cognitive decline."
What are the potential benefits of regular physical exercise in relation to Alzheimer's disease risk reduction?,"regular physical exercise, including aerobic activities, strength training, and balance exercises, can improve cardiovascular fitness, enhance brain health, and reduce the risk of Alzheimer's disease."
What emotional challenges do caregivers of individuals with Alzheimer's disease commonly face?,"Caregiving for individuals with Alzheimer's disease can take a toll on caregivers' emotional well-being, leading to stress, anxiety, depression, and caregiver burnout."
What are some of the financial challenges faced by families and caregivers of individuals with Alzheimer's disease?," The financial costs associated with Alzheimer's care, including medical expenses, medications, home modifications, and long-term care services, can place a significant burden on families and caregivers."
What is essential for effectively coordinating care for individuals with Alzheimer's disease?,"Coordinating care for individuals with Alzheimer's disease, including managing medications, scheduling appointments, and coordinating support services, requires careful planning and communication among healthcare providers, caregivers, and family members."
How do respite care services benefit caregivers of individuals with Alzheimer's disease?," Respite care services, such as adult day programs, in-home respite care, and short-term residential stays, offer caregivers temporary relief from their caregiving responsibilities and opportunities for self-care."
What role do advocacy organizations serve in addressing the challenges posed by Alzheimer's disease?,"Advocacy organizations, such as the Alzheimer's Association and the Alzheimer's Foundation of America, play a crucial role in advocating for increased research funding, public awareness, and policy initiatives to address Alzheimer's disease."
What types of legislation and policy initiatives have policymakers implemented to support individuals with Alzheimer's disease and their families?,"Policymakers at the local, national, and international levels have implemented legislation and policy initiatives aimed at supporting individuals with Alzheimer's disease and their families, including caregiver support programs, dementia-friendly community initiatives, and research funding allocations."
How does the new bioluminescence imaging technique contribute to studying brain hypoxia and its relevance to diseases like Alzheimer's?,"A new bioluminescence imaging technique has created highly detailed, and visually striking, images of the movement of oxygen in the brains of mice. The method, which can be easily replicated by other labs, will enable researchers to more precisely study forms of hypoxia in the brain, such as the denial of oxygen to the brain that occurs during a stroke or heart attack. The new research tool is already providing insight into why a sedentary lifestyle may increase risk for diseases like Alzheimer's."
What breakthrough have researchers at Rensselaer Polytechnic Institute made in Alzheimer's disease treatment?,Researchers at Rensselaer Polytechnic Institute in New York have found a new drug target that could slow the progression of Alzheimer’s disease.
"What significant milestone did the FDA achieve regarding Alzheimer's treatment, and how did it progress over the next decade?",The Food and Drug Administration (FDA) approves tacrine (Cognex) as the first drug specifically targeting Alzheimer's memory and thinking symptoms. Four additional drugs are approved over the next 10 years
"Who initiated the establishment of World Alzheimer's Day, and when was it launched?","The first World Alzheimer's Day (WAD) launches on September 21 by Alzheimer's Disease International, the umbrella organization of Alzheimer's associations."
What was discovered in the first report of a series regarding the injection of beta-amyloid into transgenic 'Alzheimer' mice?,"The first in a series of reports is published showing that injecting transgenic ""Alzheimer"" mice with beta-amyloid prevents the animals from developing plaques and other Alzheimer-like brain changes"
"What pivotal contribution did a group of researchers make regarding Alzheimer's biomarkers, and how has their model evolved over time?","A group of researchers publish a working model relating changes in Alzheimer’s biomarkers to disease stage and symptom severity. The model has become a focal point of research into Alzheimer’s biomarkers, and is revised periodically to account for new research."
"What significant development occurred regarding Alzheimer's with the introduction of groundbreaking legislation, and what does it entail?","Groundbreaking legislation establishes our first-ever framework for a national strategic plan to address the Alzheimer's crisis and to coordinate our response on multiple fronts, including research, care and support"
What pivotal achievement was accomplished in federal Alzheimer's disease research funding with the enactment of historic legislation?,"Historic $400 million increase for federal Alzheimer’s disease research funding signed into law, bringing annual funding to $1.4 billion."
"What significant milestone was achieved with the FDA's accelerated approval of Aducanumab for Alzheimer's disease treatment, and what announcement followed regarding its discontinuation?","Aducanumab (Aduhelm®) received accelerated approval as a treatment for Alzheimer's disease by the U.S. Food and Drug Administration (FDA). This is the first FDA-approved therapy to address the underlying biology of Alzheimer's disease. (Aducanumab will be discontinued on Nov. 1, 2024. Please connect with your provider on treatment options.)"
What fundamental aspects does the government's research strategy encompass in relation to Alzheimer's and related diseases?,"Critically, the government’s research strategy includes the search to find treatment and prevention strategies, as well as interventions, services, and supports to improve quality of life for those already living with these diseases and their families."